{   "servers": [
        { "name": "Rome", "position": "96,703", "color": "#0000FF" },
        { "name": "Paris","position": "221,128","color": "#FF0000" },
        { "name": "London", "position": "398,569", "color": "#FFC0CB"},
        { "name": "Berlin", "position": "863,382", "color": "#FFFF00"},
        { "name": "San Francisco", "position": "690,210", "color": "#00FFFF"},
        { "name": "Beijing", "position": "801,722", "color": "#00FF00"}
    ],
    "drones": [
        { "name": "Paul","position": "250,120","color": "#FF0000", "server":"San Francisco"},
        { "name": "Pierre","position": "80,710","color": "#FF0000", "server":"Paris" },
        { "name": "Jules","position": "80,710","color": "#FF0000", "server":"Rome" },
        { "name": "Steve","position": "80,710","color": "#FF0000", "server":"London" },
        { "name": "Albert","position": "80,710","color": "#FF0000", "server":"Berlin" },
        { "name": "Ugo","position": "80,710","color": "#FF0000", "server":"Beijing" }
    ]
}
		
