{   "servers": [
        { "name": "Freljord","position": "181,51","color": "#5DADEC" },
        { "name": "Demacia", "position": "114,256", "color": "#D9E5F1" },
        { "name": "Noxus", "position": "505,160", "color": "#8B0000"},
        { "name": "Ionia", "position": "1002,105", "color": "#A3C9A8"},
        { "name": "Bilgewater", "position": "983,473", "color": "#4682B4"},
        { "name": "Les Îles Obscures", "position": "1210,668", "color": "#2B3A42"},
        { "name": "Ixtal", "position": "770,668", "color": "#228B22"},
        { "name": "Shurima", "position": "567,641", "color": "#E4B873"},
        { "name": "Targon", "position": "310,702", "color": "#9370DB"},
        { "name": "Piltover", "position": "683,385", "color": "#D4AF37"},
        { "name": "Zaun", "position": "683,446", "color": "#6A994E"}
],
    "drones": [
        { "name": "Ashe","color": "#5DADEC", "server":"Freljord"},
        { "name": "Lissandra","color": "#5DADEC", "server":"Freljord" },
        { "name": "Sejuani","color": "#5DADEC", "server":"Freljord"},
        { "name": "Jarvan IV","color": "#D9E5F1", "server":"Demacia" },
        { "name": "Garen","color": "#D9E5F1", "server":"Demacia" },
        { "name": "Lux","color": "#D9E5F1", "server":"Demacia" },
        { "name": "Ambessa Medarda","color": "#8B0000", "server":"Noxus"},
        { "name": "LeBlanc","color": "#8B0000", "server":"Noxus"},
        { "name": "Swain","color": "#8B0000", "server":"Noxus"},
        { "name": "Irelia","color": "#A3C9A8", "server":"Ionia" },
        { "name": "Yasuo","color": "#A3C9A8", "server":"Ionia"},
        { "name": "Yone","color": "#A3C9A8", "server":"Ionia" },
        { "name": "Miss Fortune","color": "#4682B4", "server":"Bilgewater"},
        { "name": "Graves","color": "#4682B4", "server":"Bilgewater" },
        { "name": "Twisted Fate","color": "#4682B4", "server":"Bilgewater"},
        { "name": "Viego","color": "#2B3A42", "server":"Les Îles Obscures" },
        { "name": "Thresh","color": "#2B3A42", "server":"Les Îles Obscures"},
        { "name": "Kalista","color": "#2B3A42", "server":"Les Îles Obscures" },
        { "name": "Qiyana","color": "#228B22", "server":"Ixtal"},
        { "name": "Neeko","color": "#228B22", "server":"Ixtal" },
        { "name": "Nidalee","color": "#228B22", "server":"Ixtal"},
        { "name": "Azir","color": "#E4B873", "server":"Shurima" },
        { "name": "Renekton","color": "#E4B873", "server":"Shurima"},
        { "name": "Nasus","color": "#E4B873", "server":"Shurima" },
        { "name": "Leona","color": "#9370DB", "server":"Targon"},
        { "name": "Diana","color": "#9370DB", "server":"Targon" },
        { "name": "Aurelion Sol","color": "#9370DB", "server":"Targon"},
        { "name": "Caitlyn","color": "#D4AF37", "server":"Piltover" },
        { "name": "Jayce","color": "#D4AF37", "server":"Piltover"},
        { "name": "Séraphine","color": "#D4AF37", "server":"Piltover" },
        { "name": "Jinx","color": "#6A994E", "server":"Zaun"},
        { "name": "Vi","color": "#6A994E", "server":"Zaun" },
        { "name": "Ekko","color": "#6A994E", "server":"Zaun" }

    ]
}

